391664,391665,1,2,3
391664,391665,1,2,3
391665,391664,1,2,3
391665,391664,1,2,3
391665,391664,863,1,2
391665,391664,863,1,2
391664,391665,1,2,3
391664,391665,1,2,3
391664,391665,1,2,3
391664,391665,1,2,3
391664,391665,1,2,3
391665,391664,1,2,3
391665,391664,1,2,3
391664,391665,1,2,3
391664,391665,1,2,3
391665,391664,1,2,3
391664,391665,1,2,3
391664,391665,1,2,3
391665,391664,1,2,3
391664,391665,1,2,3
391665,391664,1,2,3
391665,391664,1,2,3
391665,391664,1,2,3
391664,391665,1,2,3
391664,391665,863,1,2
391664,391665,863,1,2
391665,391664,1,2,3
391665,391664,1,2,3
391664,391665,1,2,3
391664,391665,1,2,3
391665,391664,1,2,3
391664,391665,10,1,2
391664,391665,1,2,3
391664,391665,1,2,3
391664,391665,1,2,3
391664,391665,1,2,3
391664,391665,1,2,3
391664,391665,1,2,3
391664,391665,1,2,3
391664,391665,1,2,3
391664,391665,1,2,3
391664,391665,1,2,3
391665,391664,1,2,3
391664,391665,1,2,3
391664,391665,1,2,3
391664,391665,1,2,3
391664,391665,1,2,3
391664,391665,1,2,3
391665,391664,1,2,3
391664,391665,1,2,3
391664,391665,1,2,3
391664,391665,1,2,3
391664,391665,1,2,3
391664,391665,1,2,3
391664,391665,391662,1,2
391665,391664,1,2,3
391665,391664,1,2,3
391665,391664,1,2,3
391665,391664,1,2,3
391665,391664,1,2,3
391665,391664,1,2,3
391664,391665,1,2,3
391665,391664,1,2,3
391665,391664,361762,1,2
391665,391664,1,2,3
391664,391665,1,2,3
391664,391665,1,2,3
391664,391665,1,2,3
391664,391665,1,2,3
391664,391665,1,2,3
391664,391665,1,2,3
391665,391664,1,2,3
391664,391665,1,2,3
391664,391665,9,1,2
391664,391665,9,1,2
391665,391664,1,2,3
391664,391665,1,2,3
391665,391664,1,2,3
391665,391664,1,2,3
391664,391665,1,2,3
391664,391665,1,2,3
391665,391664,1,2,3
391665,391664,1,2,3
391664,391665,1450,1,2
391664,391665,391663,1,2
391664,391665,391663,1,2
391664,391665,1,2,3
391665,391664,1,2,3
391664,391665,1,2,3
391664,391665,1,2,3
391664,391665,1,2,3
391665,391664,1,2,3
391665,391664,1,2,3
391664,391665,1,2,3
391664,391665,1,2,3
391664,391665,1,2,3
391664,391665,1,2,3
391664,391665,1,2,3
391664,391665,1,2,3
391664,391665,1449,157471,1
391664,391665,1,2,3
391664,391665,1,2,3
391664,391665,1,2,3
391664,391665,1,2,3
391664,391665,1,2,3
391665,391664,1,2,3
391664,391665,1,2,3
391665,391664,1,2,3
391665,391664,1,2,3
391664,391665,1,2,3
391665,391664,1,2,3
391665,391664,1,2,3
391665,391664,1,2,3
391665,391664,1,2,3
391664,391665,1,2,3
391664,391665,1,2,3
391664,391665,1,2,3
391664,391665,1,2,3
391665,391664,1,2,3
391665,391664,1,2,3
391664,391665,1,2,3
391664,391665,1,2,3
391664,391665,1,2,3
391665,391664,1,2,3
391664,391665,863,1,2
391665,391664,863,1,2
391664,391665,1,2,3
391664,391665,1,2,3
391665,391664,1,2,3
391665,391664,1,2,3
391664,391665,1,2,3
391664,391665,1,2,3
391664,391665,1,2,3
391664,391665,1,2,3
391664,391665,1,2,3
391665,391664,1,2,3
391665,391664,157470,1,2
391665,391664,157470,1,2
391664,391665,43079,1,2
391664,391665,1,2,3
391665,391664,1,2,3
391664,391665,1,2,3
391664,391665,1,2,3
391664,391665,1,2,3
391664,391665,1,2,3
391664,391665,1,2,3
391665,391664,1,2,3
391664,391665,1,2,3
391664,391665,1,2,3
391664,391665,1,2,3
391664,391665,1,2,3
391664,391665,1,2,3
391664,391665,1,2,3
391664,391665,1,2,3
391664,391665,298083,1,2
391664,391665,1,2,3
391664,391665,1,2,3
391664,391665,1,2,3
391664,391665,1,2,3
391664,391665,1,2,3
391664,391665,1,2,3
391664,391665,1,2,3
391664,391665,1,2,3
391664,391665,1450,1,2
391664,391665,1,2,3
391664,391665,1,2,3
391664,391665,1,2,3
391665,391664,9,1,2
391664,391665,9,1,2
391664,391665,1,2,3
391664,391665,1,2,3
391664,391665,1,2,3
391664,391665,1,2,3
391664,391665,1,2,3
391664,391665,1,2,3
391664,391665,1,2,3
391665,391664,1,2,3
391664,391665,1,2,3
391664,391665,1,2,3
391664,391665,1,2,3
391664,391665,1,2,3
391664,391665,1,2,3
391664,391665,1,2,3
391664,391665,1,2,3
391664,391665,1,2,3
391664,391665,391663,1,2
391664,391665,391663,1,2
391664,391665,1,2,3
391664,391665,1,2,3
391664,391665,1,2,3
391664,391665,1,2,3
391665,391664,1,2,3
391664,391665,1,2,3
391664,391665,1,2,3
391664,391665,1,2,3
391664,391665,1,2,3
391665,391664,1,2,3
391664,391665,863,1,2
391664,391665,863,1,2
391665,391664,1,2,3
391665,391664,1,2,3
391665,391664,1,2,3
391665,391664,1,2,3
391665,391664,1,2,3
391664,391665,1,2,3
391664,391665,43079,1,2
391664,391665,43079,1,2
391664,391665,1,2,3
391664,391665,1,2,3
391664,391665,1,2,3
391664,391665,1,2,3
391665,391664,1,2,3
391665,391664,1,2,3
391665,391664,863,1,2
391665,391664,863,1,2
391665,391664,1,2,3
391665,391664,1,2,3
391664,391665,1,2,3
391664,391665,1,2,3
391664,391665,1,2,3
391665,391664,1,2,3
391664,391665,1,2,3
391664,391665,1,2,3
391665,391664,9,1,2
391664,391665,9,298083,1
391664,391665,1,2,3
391664,391665,1,2,3
391664,391665,1,2,3
391664,391665,1,2,3
391664,391665,1,2,3
391664,391665,1,2,3
391664,391665,1,2,3
391665,391664,1,2,3
391664,391665,391663,1,2
391664,391665,391663,1,2
391664,391665,1,2,3
391664,391665,1,2,3
391664,391665,1,2,3
391664,391665,1,2,3
391665,391664,1,2,3
391664,391665,1,2,3
391664,391665,1,2,3
391665,391664,1,2,3
391665,391664,1,2,3
391665,391664,1,2,3
391664,391665,1,2,3
391664,391665,1,2,3
391664,391665,1,2,3
391664,391665,1,2,3
391665,391664,1,2,3
391665,391664,1,2,3
391664,391665,1,2,3
391664,391665,43080,1,2
391664,391665,43080,1,2
391664,391665,1,2,3
391664,391665,1,2,3
391665,391664,43079,1,2
391664,391665,863,1,2
391664,391665,863,1,2
391664,391665,1,2,3
391664,391665,1,2,3
391664,391665,1,2,3
391665,391664,1,2,3
391664,391665,1,2,3
391665,391664,1,2,3
391664,391665,1,2,3
391664,391665,298083,1,2
391665,391664,1,2,3
391665,391664,1,2,3
391664,391665,1,2,3
391664,391665,1,2,3
391664,391665,23,1,2
391664,391665,23,1,2
391665,391664,1,2,3
391665,391664,1,2,3
391665,391664,1,2,3
391665,391664,1,2,3
391665,391664,1,2,3
391664,391665,1,2,3
391665,391664,1,2,3
391664,391665,1,2,3
391664,391665,1,2,3
391664,391665,1,2,3
391664,391665,1,2,3
391664,391665,1,2,3
391665,391664,157470,1,2
391664,391665,157470,1,2
391664,391665,1,2,3
391664,391665,43079,1,2
391664,391665,43079,1,2
391664,391665,43079,1,2
391665,391664,1,2,3
391664,391665,1,2,3
391664,391665,1,2,3
391664,391665,1,2,3
391664,391665,361762,1,2
391664,391665,1,2,3
391664,391665,863,1,2
391664,391665,863,1,2
391664,391665,1,2,3
391664,391665,1,2,3
391665,391664,9,1,2
391664,391665,9,1,2
391664,391665,298083,1,2
391665,391664,43080,1,2
391664,391665,43080,1,2
391664,391665,1,2,3
391664,391665,1,2,3
391664,391665,1,2,3
391665,391664,391663,1,2
391664,391665,1450,391663,1
391664,391665,47,1,2
391664,391665,47,1,2
391664,391665,47,1,2
391665,391664,47,1,2
391664,391665,1449,1,2
391664,391665,1449,1,2
391665,391664,47,1,2
391665,391664,47,1,2
391664,391665,1,2,3
391664,391665,1,2,3
391664,391665,1,2,3
391665,391664,1,2,3
391664,391665,47,1,2
391664,391665,47,1,2
391665,391664,1,2,3
391664,391665,1,2,3
391665,391664,1,2,3
391665,391664,1,2,3
391664,391665,1,2,3
391664,391665,1,2,3
391664,391665,1,2,3
391664,391665,1,2,3
391664,391665,1,2,3
391665,391664,10,1,2
391665,391664,1,2,3
391664,391665,1,2,3
391665,391664,47,1,2
391665,391664,47,157470,391662
391664,391665,863,1,2
391664,391665,1,2,3
391664,391665,47,1,2
391664,391665,1,2,3
391664,391665,1,2,3
391664,391665,1,2,3
391664,391665,47,1,2
391665,391664,1,2,3
391665,391664,1,2,3
391665,391664,1,2,3
391665,391664,1,2,3
391665,391664,1,2,3
391665,391664,47,1,2
391664,391665,47,1,2
391664,391665,1,2,3
391664,391665,1,2,3
391664,391665,1,2,3
391664,391665,1,2,3
391665,391664,863,1,2
391665,391664,1,2,3
391664,391665,863,1,2
391665,391664,863,43079,1
391665,391664,1,2,3
391665,391664,1,2,3
391664,391665,1,2,3
391665,391664,47,1,2
391664,391665,1,2,3
391664,391665,1,2,3
391665,391664,409338,1,2
391664,391665,409338,1,2
391664,391665,47,1,2
391665,391664,47,1,2
391665,391664,1,2,3
391664,391665,1,2,3
391664,391665,863,1,2
391664,391665,863,1,2
391664,391665,47,1,2
391664,391665,47,1,2
391665,391664,47,1,2
391665,47,391664,1,2
391664,391665,1,2,3
391665,391664,1,2,3
391664,391665,1,2,3
391664,391665,1,2,3
391665,391664,47,1,2
391665,391664,10,1,2
391664,391665,1,2,3
391664,391665,1,2,3
391665,391664,1,2,3
391664,391665,47,1,2
391664,391665,1,2,3
391665,391664,1,2,3
391664,391665,1,2,3
391664,391665,47,1,2
391665,391664,47,1,2
391665,391664,47,1,2
391664,391665,1,2,3
391664,391665,1,2,3
391665,391664,47,1,2
391664,391665,1,2,3
391664,391665,1,2,3
391664,391665,47,1,2
391664,391665,1,2,3
391664,391665,1,2,3
391664,391665,1,2,3
391665,391664,47,863,1
391664,391665,1,2,3
391664,391665,1,2,3
391665,391664,1,2,3
391665,391664,1450,1,2
391664,391665,1,2,3
391664,391665,47,1,2
391664,391665,1,2,3
391664,391665,47,157471,1
391665,391664,1,2,3
391664,391665,1,2,3
391664,391665,9,47,43080
391664,391665,1,2,3
391665,391664,47,1,2
391664,391665,1,2,3
391665,391664,1,2,3
391665,391664,896,43079,1
391664,391665,1,2,3
391664,391665,1,2,3
391665,391664,1,2,3
391664,391665,1,2,3
391664,391665,1,2,3
391665,391664,47,391663,1
391664,391665,47,1,2
391664,391665,1,2,3
391664,391665,1,2,3
391665,391664,47,9,1
391665,391664,47,9,1
391665,391664,391662,1,2
391664,391665,1,2,3
391664,391665,47,1,2
391664,391665,47,1,2
391664,391665,47,1,2
391664,391665,1,2,3
391664,391665,1,2,3
391664,391665,1,2,3
391664,391665,1,2,3
391664,391665,1,2,3
391664,391665,1,2,3
391664,391665,1,2,3
391664,391665,47,1,2
391664,391665,1,2,3
391664,391665,9,1,2
391664,391665,9,1,2
391664,649,413199,413218,1
391664,649,1,2,3
391664,1,2,3,4
391664,1,2,3,4
391664,1,2,3,4
391664,1,2,3,4
391664,1449,1,2,3
391664,1449,1,2,3
391664,1,2,3,4
391664,1,2,3,4
391664,1,2,3,4
391664,1,2,3,4
391664,1,2,3,4
391664,1,2,3,4
391664,1,2,3,4
391664,1,2,3,4
391664,1,2,3,4
391664,1,2,3,4
391664,1,2,3,4
391664,1,2,3,4
391664,1,2,3,4
391664,1,2,3,4
391664,863,1,2,3
391664,1,2,3,4
391664,1,2,3,4
391664,1,2,3,4
391664,1,2,3,4
391664,1,2,3,4
391664,1,2,3,4
391664,1,2,3,4
391664,1,2,3,4
391664,1,2,3,4
391664,1,2,3,4
391664,391662,1,2,3
391664,1,2,3,4
391664,1,2,3,4
391664,1,2,3,4
391664,1,2,3,4
391664,863,1,2,3
391664,1,2,3,4
391664,10,1,2,3
391664,10,1,2,3
391664,1450,1,2,3
391664,1,2,3,4
391664,1,2,3,4
391664,1,2,3,4
391664,1,2,3,4
391664,1,2,3,4
391664,1,2,3,4
391664,1,2,3,4
391664,391663,1,2,3
391664,1,2,3,4
391664,1,2,3,4
391664,1,2,3,4
391664,1,2,3,4
391664,1,2,3,4
391664,1,2,3,4
391664,1,2,3,4
391664,1,2,3,4
391664,1,2,3,4
391664,1,2,3,4
391664,1,2,3,4
391664,298083,1,2,3
391664,1449,1,2,3
391664,1,2,3,4
391664,1,2,3,4
391664,1,2,3,4
391664,1,2,3,4
391664,1,2,3,4
391664,1,2,3,4
391664,1,2,3,4
391664,1,2,3,4
391664,1,2,3,4
391664,1449,1,2,3
391664,9,157470,1,2
391664,391662,416865,1,2
391664,391662,416865,1,2
391664,1,2,3,4
391664,1,2,3,4
391664,1,2,3,4
391664,1,2,3,4
391664,1,2,3,4
391664,1,2,3,4
391664,1,2,3,4
391664,157470,1,2,3
391664,157470,157471,1,2
391664,1450,1,2,3
391664,1,2,3,4
391664,1,2,3,4
391664,1,2,3,4
391664,1,2,3,4
391664,1,2,3,4
391664,1,2,3,4
391664,1,2,3,4
391664,1,2,3,4
391664,1,2,3,4
391664,896,1,2,3
391664,896,1,2,3
391664,1,2,3,4
391664,1,2,3,4
391664,1,2,3,4
391664,1,2,3,4
391664,1,2,3,4
391664,1450,1,2,3
391664,1450,1,2,3
391664,1,2,3,4
391664,1,2,3,4
391664,1,2,3,4
391664,1,2,3,4
391664,1,2,3,4
391664,1,2,3,4
391664,9,43080,1,2
391664,9,43080,1,2
391664,1,2,3,4
391664,1,2,3,4
391664,1,2,3,4
391664,1,2,3,4
391664,1,2,3,4
391664,418857,1,2,3
391664,1,2,3,4
391664,1,2,3,4
391664,1,2,3,4
391664,1,2,3,4
391664,419138,1,2,3
391664,1,2,3,4
391664,1,2,3,4
391664,1,2,3,4
391664,1,2,3,4
391664,1,2,3,4
391664,863,43079,1,2
391664,9,1,2,3
391664,1,2,3,4
391664,1,2,3,4
391664,1,2,3,4
391664,1,2,3,4
391664,1450,1,2,3
391664,157471,1,2,3
391664,1449,157471,1,2
391664,1,2,3,4
391664,1,2,3,4
391664,1,2,3,4
391664,1,2,3,4
391664,1,2,3,4
391664,1,2,3,4
391664,1,2,3,4
391664,1,2,3,4
391664,1,2,3,4
391664,1,2,3,4
391664,1,2,3,4
391664,1,2,3,4
391664,1,2,3,4
391664,1449,1,2,3
391664,1,2,3,4
391664,1,2,3,4
391664,1,2,3,4
391664,1,2,3,4
391664,863,1,2,3
391664,1,2,3,4
391664,1,2,3,4
391664,1,2,3,4
391664,1,2,3,4
391664,1,2,3,4
391664,1,2,3,4
391664,157471,1,2,3
391664,1,2,3,4
391664,1,2,3,4
391664,863,1,2,3
391664,1,2,3,4
391664,1,2,3,4
391664,1,2,3,4
391664,1,2,3,4
391664,1,2,3,4
391664,1,2,3,4
391664,43080,1,2,3
391664,1,2,3,4
391664,1,2,3,4
391664,1,2,3,4
391664,863,1,2,3
391664,1,2,3,4
391664,1,2,3,4
391664,1,2,3,4
391664,1,2,3,4
391664,1,2,3,4
391664,1,2,3,4
391664,1,2,3,4
391664,1,2,3,4
391664,1,2,3,4
391664,9,391663,1,2
391664,9,391663,1,2
391664,1,2,3,4
391664,1450,1,2,3
391664,1,2,3,4
391664,1,2,3,4
391664,1,2,3,4
391664,1,2,3,4
391664,863,1,2,3
391664,863,1,2,3
391664,1,2,3,4
391664,10,1,2,3
391664,1,2,3,4
391664,1,2,3,4
391664,157470,1,2,3
391664,1,2,3,4
391664,1,2,3,4
391664,1,2,3,4
391664,420839,1,2,3
391664,1,2,3,4
